userId,movieId,rating,timestamp
1,169,2.5,1204927694
1,2471,3,1204927438
1,48516,5,1204927435
2,2571,3.5,1436165433
2,109487,4,1436165496
2,112552,5,1436165496
2,112556,4,1436165499
3,356,4,920587155
3,2394,4,920586920
3,2431,5,920586945
3,2445,4,920586945
4,16,4,1037740142
4,39,4,1037740562
4,45,4,1037808019
4,47,2,1037739998
4,94,5,1037740486
4,101,4,1037737327
4,246,4,1037739164
4,288,2,1037737415
4,296,4,1037741922
4,345,4,1037740486
4,356,2,1037807918
4,357,4,1037740097
4,377,4,1037740660
4,417,4,1037737271
4,440,4,1037740330
4,457,4,1037807690
4,480,2,1037737218
4,492,3,1037740309
4,508,2,1037807370
4,527,3,1037739809
4,535,4,1037738617
4,538,5,1037740474
4,551,4,1037740686
4,562,4,1037740038
4,593,3,1037737453
4,608,4,1037739127
4,766,2,1037740504
4,778,4,1037738875
4,902,5,1037737203
4,903,4,1037737649
4,904,4,1037737824
4,908,5,1037737741
4,915,4,1037739455
4,994,5,1037738527
4,1041,4,1037739940
4,1060,4,1037740411
4,1077,4,1037738481
4,1079,4,1037738496
4,1080,4,1037737230
4,1089,4,1037738822
4,1136,5,1037737942
4,1148,4,1037739407
4,1172,5,1037739292
4,1197,5,1037737391
4,1223,4,1037740038
4,1225,3,1037742077
4,1230,5,1037737283
4,1244,5,1037737741
4,1247,5,1037737660
4,1248,5,1088545666
4,1258,4,1037738617
4,1259,3,1037742089
4,1265,2,1037739164
4,1266,3,1037739904
4,1276,4,1037737923
4,1288,4,1037739149
4,1307,4,1037738481
4,1343,3,1037740720
4,1393,2,1037738925
4,1394,5,1037738409
4,1407,4,1037740562
4,1449,4,1037740074
4,1500,3,1037740515
4,1537,4,1037739407
4,1571,4,1037807847
4,1594,2,1037739980
4,1617,4,1037737242
4,1635,3,1037738446
4,1639,3,1037740367
4,1641,4,1037740174
4,1648,4,1037740504
4,1673,3,1037739546
4,1678,4,1037738985
4,1680,4,1037740669
4,1704,3,1037740142
4,1719,4,1037807118
4,1729,4,1037740399
4,1732,3,1037992675
4,1777,3,1037807867
4,1784,3,1037740155
4,1834,5,1037739516
4,1856,2,1037740646
4,1916,4,1037738786
4,1923,4,1037740515
4,1966,3,1037739740
4,2132,5,1037737601
4,2174,4,1088544921
4,2248,4,1037738714
4,2289,4,1037738335
4,2291,3,1037807572
4,2318,2,1037807954
4,2384,3,1037740583
4,2395,5,1037739182
4,2502,5,1037740142
4,2571,4,1037740093
4,2580,4,1037740208
4,2596,4,1037740474
4,2599,5,1037739841
4,2677,5,1037740174
4,2692,4,1037738685
4,2700,3,1037807993
4,2706,4,1088544934
4,2712,2,1037740646
4,2729,4,1037742203
4,2858,3,1037737692
4,2859,5,1037737858
4,2918,5,1037742102
4,2959,4,1037738938
4,2973,4,1037742127
4,2997,4,1037737504
4,3007,5,1037739904
4,3044,4,1037740181
4,3067,5,1088545912
4,3083,5,1037739904
4,3108,2,1037738714
4,3129,3,1037740155
4,3176,4,1037740118
4,3179,3,1037740442
4,3201,4,1037737649
4,3252,4,1037740411
4,3255,3,1037740686
4,3261,5,1037740646
4,3266,1,1037740118
4,3324,3,1037741842
4,3396,4,1037739499
4,3418,3,1037740021
4,3424,4,1037742064
4,3476,3,1037740118
4,3481,4,1037738822
4,3499,3,1037738617
4,3515,4,1037741426
4,3535,3,1037741315
4,3618,3,1037741315
4,3751,3,1037741070
4,3752,3,1037741575
4,3794,2,1037741345
4,3852,4,1037741447
4,3897,4,1037738822
4,3911,4,1037739448
4,3948,4,1037738538
4,3967,4,1037738949
4,3977,4,1037741457
4,3983,4,1037741039
4,3996,4,1037741060
4,4015,2,1037741752
4,4027,4,1037741150
4,4029,2,1037741222
4,4034,4,1037739253
4,4235,5,1097356941
4,4239,3,1037741556
4,4246,4,1037741194
4,4255,1,1037741793
4,4304,3,1037741051
4,4308,1,1037741295
4,4361,4,1037742115
4,4447,4,1037741392
4,4639,2,1037741612
4,4641,4,1037738465
4,4816,4,1037741360
4,4890,4,1037741435
4,4903,4,1037737824
4,4973,5,1088546231
4,4979,4,1037739653
4,5218,3,1037741287
4,5222,3,1040332262
4,5225,5,1040332218
4,5296,1,1037740993
4,5325,4,1037740785
4,5339,4,1037737858
4,5415,3,1037741664
4,5481,3,1037740841
4,5525,5,1088545995
4,5620,3,1037740962
4,5669,5,1088546352
4,5810,4,1037740821
4,5878,5,1088545500
4,6296,4,1088545870
4,6993,5,1088545420
4,7037,5,1088545504
4,7090,4,1097356895
4,8464,4.5,1134425382
4,8622,5,1088545319
4,8961,4,1192126726
5,1203,4,1440027024
5,2571,2.5,1440027038
5,6016,5,1440027016
5,7502,4.5,1440027020
5,58559,4,1440027029
5,79132,3,1440027049
5,92259,4.5,1440026883
5,112183,4,1440026932
5,112552,4.5,1440026900
5,112556,4.5,1440026907
5,114060,4,1440026942
5,114180,1.5,1440026960
5,114662,2.5,1440026948
5,115170,3.5,1440026956
5,115210,4,1440026935
5,115617,3,1440026915
5,115713,4.5,1440026922
5,116797,4,1440026912
5,119141,2.5,1440026985
5,119145,3.5,1440026931
5,119155,3,1440026984
5,120466,0.5,1440026966
5,122882,4.5,1440026918
5,129354,1.5,1440026963
5,133419,3.5,1440026970
6,277,4,1275904962
6,318,5,1275905438
6,333,4.5,1275904946
6,435,1,1275904893
6,520,3.5,1275904903
6,671,3,1275905035
6,1242,4.5,1275904935
6,1367,3.5,1275905386
6,1722,4,1275904926
6,2137,3.5,1275905078
6,2490,4,1275904991
6,2572,3,1275905373
6,2699,2,1275904888
6,3082,4,1275904986
6,3157,2.5,1275905114
6,3363,4.5,1275905017
6,3671,5,1275904957
6,3827,4,1275905099
7,50,4,1451817827
7,260,4,1451817834
7,318,3.5,1451817825
7,527,4,1451817884
7,858,3.5,1451817833
7,1196,4,1451817837
7,1198,4,1451817835
7,1917,4,1451817857
7,2706,1.5,1451817853
7,2959,4,1451817828
7,3147,4.5,1451817855
7,4226,5,1451817880
7,5618,5,1451817882
7,58559,5,1451817836
7,79132,5,1451817881
7,109487,5,1451817912
7,115713,4,1451817866
7,122886,5,1451817862
7,134130,5,1451817860
7,134853,5,1451817861
8,158,3,1262034766
8,163,3.5,1262034749
8,172,3,1262034781
8,435,1,1262034755
8,802,3.5,1262034774
8,849,3,1262034857
8,1282,0.5,1262034794
8,1479,3.5,1262034861
8,1639,3.5,1262034744
8,1729,5,1262034812
8,2058,3,1262034844
8,2161,2,1262034826
8,2288,3.5,1262034881
8,3082,3,1262034866
8,3174,1,1262034872
9,207,4,1316736942
9,374,2.5,1316736979
9,524,4.5,1316736879
9,531,2.5,1316736891
9,1049,4,1316736959
9,1619,4,1316736997
9,1620,4,1316737001
9,1894,2.5,1316736966
9,1965,3.5,1316736931
9,2094,3.5,1316736912
9,2541,5,1316736863
9,3178,2,1316737019
9,4023,3.5,1316737009
9,5945,1,1316736986
9,68157,5,1316736969
9,69757,3.5,1316737151
10,58,3.5,1104952559
10,163,3.5,1104952615
10,172,2.5,1104952619
10,186,2,1104952624
10,236,3,1104952550
10,315,3,1104952596
10,466,2,1104952585
10,832,3,1104952564
10,904,4,1104952590
10,1090,4,1104952626
10,1288,4,1104952602
10,1358,4,1104952592
10,1653,4,1104952579
10,2406,2.5,1104952628
10,2640,3.5,1104952600
10,2761,4,1104953911
10,2791,3.5,1104952542
10,3793,4,1104952571
10,3897,3.5,1104952610
10,4306,4,1104952568
10,4993,4,1104952553
10,5060,2,1104952622
10,6539,4,1104953849
10,7090,4,1104953858
10,7153,4,1104952725
10,8368,4,1104953841
10,8636,3,1104952731
10,8665,3.5,1104953862
10,8784,4,1104952728
10,8874,4,1104953852
11,3,1.5,1102084805
11,21,4.5,1102085321
11,48,3,1102085272
11,58,4.5,1102084911
11,110,4.5,1102085156
11,151,4,1102084867
11,186,3.5,1102085262
11,225,3,1102085293
11,434,3.5,1102085282
11,494,1.5,1102084801
11,497,3,1102084826
11,509,3.5,1102085276
11,553,3.5,1102084830
11,586,3,1102085287
11,592,4,1102085114
11,653,3.5,1102084791
11,802,4,1102085223
11,832,3.5,1102084914
11,908,3.5,1102084904
11,1127,3.5,1102085230
11,1200,3,1102085238
11,1208,2.5,1102084783
11,1213,3.5,1102085206
11,1220,2.5,1102084786
11,1225,2,1102084777
11,1230,1,1102084842
11,1259,3.5,1102085219
11,1266,3.5,1102085214
11,1275,3.5,1102085234
11,1370,3,1102085154
11,1374,3.5,1102084878
11,1407,3,1102085150
11,1517,4,1102084848
11,1917,4.5,1102085117
11,2100,2,1102085147
11,2174,4,1102084851
11,2334,2.5,1102085603
11,2431,2.5,1102085605
11,2571,4.5,1102085159
11,2599,3.5,1102084892
11,2605,3.5,1102085614
11,2616,3,1102085634
11,2617,2,1102085144
11,2641,3,1102085548
11,2687,3,1102085526
11,2797,3,1102084854
11,2890,3,1102085545
11,2942,2.5,1102085533
11,2947,3,1102085553
11,2949,3,1102085530
11,2993,3,1102085520
11,3033,3,1102085543
11,3072,3,1102085471
11,3113,3,1102085452
11,3247,2.5,1102085458
11,3285,3,1102085477
11,3524,4,1102085467
11,3526,3.5,1102085450
11,3686,3.5,1102085388
11,3745,4,1102085406
11,3793,3.5,1102084924
11,3826,3,1102085402
11,3893,3.5,1102085384
11,3981,3.5,1102085382
11,4007,3,1102085361
11,4011,4,1102085395
11,4121,3.5,1102085370
11,4306,4,1102084921
11,4351,3.5,1102085376
11,4963,4,1102085326
11,4973,4.5,1102085328
11,6539,4,1102085319
12,34,5,953776646
12,39,4,953776947
12,150,5,953774973
12,223,4,953775394
12,232,4,953776674
12,235,3,953776764
12,327,4,953777545
12,345,4,953777107
12,380,3,953776947
12,541,4,953776491
12,552,1,953777879
12,562,5,953776793
12,728,4,953777052
12,745,5,953776620
12,801,4,953777395
12,1079,4,953778453
12,1093,4,953775428
12,1097,5,953775036
12,1132,5,953778400
12,1148,5,953776620
12,1179,5,953776511
12,1184,4,953777743
12,1188,4,953776732
12,1196,4,953778334
12,1197,5,953778372
12,1198,5,953778334
12,1199,5,953778372
12,1200,4,953778453
12,1210,5,953774973
12,1211,4,953778532
12,1223,5,953776620
12,1258,4,953778423
12,1259,5,953778453
12,1289,5,953778372
12,1295,4,953778400
12,1300,5,953778400
12,1344,4,953776537
12,1394,5,953775036
12,1500,4,953776712
12,1513,3,953775798
12,1537,4,953776646
12,1585,5,953777338
12,1707,1,953778118
12,1734,5,953776712
12,1747,3,953776842
12,1777,5,953777052
12,1784,4,953776812
12,1911,4,953775428
12,1916,5,953777135
12,1959,3,953775643
12,1965,5,953778911
12,1968,3,953778911
12,2020,4,953778372
12,2077,4,953778481
12,2124,4,953777193
12,2155,5,953776764
12,2174,4,953778481
12,2248,3,953778400
12,2282,5,953776674
12,2318,5,953775484
12,2331,3,953777193
12,2333,4,953775484
12,2336,4,953775456
12,2361,4,953775931
12,2390,5,953775523
12,2395,5,953775798
12,2683,4,953777448
12,2686,4,953775734
12,2692,4,953775798
12,2693,4,953775866
12,2700,3,953775831
12,2709,4,953775567
12,2710,5,953775363
12,2762,5,953775798
12,2859,5,953778372
12,2918,5,953778423
12,2953,1,953778265
12,3176,1,953775831
12,3203,5,953775428
12,3253,4,953776793
12,3267,4,953775036
12,3347,4,953778423
12,3430,2,953776197
12,3432,2,953776197
12,3448,3,953776275
12,3471,4,953776197
12,3476,4,953776326
12,3499,5,953776348
12,3504,4,953776367
13,2,2,974867742
13,10,2,974868113
13,29,4,974868024
13,44,2,974868256
13,60,1,974868256
13,110,5,974873232
13,111,5,974868687
13,112,2,974868073
13,126,2,974867812
13,153,3,974868302
13,158,2,974868167
13,160,1,974868448
13,169,1,974868393
13,208,2,974868302
13,260,3,974868687
13,303,2,974868167
13,316,3,974868073
13,367,3,974867681
13,455,1,974868345
13,464,3,974868302
13,480,4,974868024
13,546,2,974868448
13,589,5,974873278
13,590,2,974868024
13,597,1,974872821
13,653,3,974867681
13,673,2,974867812
13,688,2,974868448
13,704,2,974868481
13,711,1,974868345
13,733,2,974868024
13,736,2,974868214
13,741,5,974872673
13,761,1,974868393
13,788,3,974867681
13,798,2,974868214
13,809,1,974868448
13,810,1,974867846
13,849,2,974868256
13,858,4,974868656
13,986,2,974868167
13,1049,4,974868214
13,1183,2,974870585
13,1199,5,974870747
13,1206,5,974868775
13,1208,3,974868709
13,1214,4,974868709
13,1215,3,974868024
13,1221,4,974868656
13,1228,5,974870723
13,1258,5,974871034
13,1263,5,974868687
13,1274,5,974870639
13,1345,4,974868863
13,1350,4,974868894
13,1359,3,974868448
13,1377,3,974868214
13,1380,4,974869296
13,1387,3,974868734
13,1419,5,974869125
13,1495,1,974868531
13,1499,2,974868448
13,1525,3,974867812
13,1544,4,974868302
13,1551,1,974868113
13,1552,2,974868167
13,1562,1,974868448
13,1566,1,974868073
13,1573,4,974871002
13,1580,1,974868073
13,1591,2,974868393
13,1595,1,974868481
13,1605,2,974868302
13,1623,1,974872491
13,1651,2,974867412
13,1676,3,974868073
13,1681,1,974868531
13,1702,1,974867742
13,1744,1,974868481
13,1748,5,974872920
13,1779,2,974868345
13,1826,1,974868531
13,1848,2,974867742
13,1867,1,974868531
13,1882,1,974870955
13,1917,1,974868214
13,1954,4,974868863
13,1982,2,974868801
13,1997,4,974868821
13,2006,1,974868024
13,2023,3,974867412
13,2109,1,974868863
13,2153,1,974868481
13,2162,3,974867742
13,2167,3,974868024
13,2253,1,974867742
13,2322,2,974868481
13,2383,2,974867412
13,2394,3,974871773
13,2409,3,974869296
13,2429,2,974868167
13,2443,3,974867412
13,2530,3,974869501
13,2533,3,974869296
13,2600,1,974872491
13,2617,2,974868113
13,2628,3,974867681
13,2635,1,974867412
13,2640,3,974869081
13,2657,2,974869170
13,2672,3,974871921
13,2688,1,974871498
13,2712,5,974870775
13,2720,1,974868531
13,2722,2,974871311
13,2724,1,974870694
13,2729,5,974872948
13,2730,4,974869125
13,2858,4,974871164
13,2879,3,974868024
13,2880,4,974868214
13,2916,3,974868024
13,2924,4,974868894
13,2959,4,974871459
13,2997,3,974871208
13,3000,5,974868024
13,3034,3,974869170
13,3081,3,974871843
13,3159,4,974871459
13,3175,1,974868073
13,3265,5,974870983
13,3300,1,974867587
13,3326,1,974867587
13,3354,1,974867587
13,3439,1,974867812
13,3456,5,974872638
13,3466,2,974867681
13,3471,3,974868775
13,3489,1,974867812
13,3578,4,974873115
13,3702,3,974868894
13,3745,3,974867911
13,3751,2,974867912
13,3752,2,974871635
13,3754,2,974867912
13,3799,1,974867912
13,3826,2,974867587
13,3827,1,974867587
13,3863,3,974867587
13,3972,3,974873379
13,3977,1,974870815
13,3981,1,974870616
14,5,3,845470124
14,6,3,845469804
14,7,3,845470611
14,10,2,845469438
14,11,5,845469653
14,16,3,845469893
14,21,2,845469555
14,22,3,845469972
14,24,3,845470571
14,25,1,845469842
14,31,3,845469893
14,34,5,845469500
14,39,3,845469625
14,45,3,845470124
14,47,3,845469500
14,61,4,845472115
14,62,4,845469756
14,79,4,845470717
14,86,4,845472271
14,100,3,845470909
14,110,3,845469438
14,122,3,845470529
14,132,3,845470661
14,135,3,845471085
14,141,3,845469724
14,145,2,845470104
14,151,3,845469756
14,157,2,845470963
14,161,4,845469438
14,163,2,845470046
14,165,3,845469325
14,168,3,845469842
14,169,3,845470321
14,170,3,845470611
14,172,1,845469842
14,185,4,845469472
14,186,3,845469756
14,191,1,845470737
14,196,2,845469702
14,217,2,845471067
14,218,3,845470481
14,225,4,845469583
14,230,3,845470070
14,236,4,845469678
14,248,2,845470611
14,257,4,845470321
14,274,3,845470848
14,277,4,845469893
14,281,3,845470644
14,293,3,845469756
14,296,2,845469280
14,303,1,845470148
14,316,3,845469403
14,317,3,845469583
14,338,2,845470348
14,339,4,845469472
14,344,3,845469325
14,349,4,845469325
14,350,4,845469625
14,353,2,845469779
14,355,2,845469860
14,356,5,845469403
14,357,1,845469583
14,360,3,845471202
14,367,3,845469528
14,368,3,845469778
14,370,3,845469972
14,371,4,845470176
14,377,3,845469500
14,378,3,845471102
14,380,2,845469280
14,382,3,845470588
14,383,1,845470644
14,415,3,845470588
14,416,1,845470762
14,420,3,845469625
14,432,3,845469653
14,435,2,845469625
14,437,2,845470813
14,445,3,845471268
14,453,3,845472202
14,454,5,845469472
14,455,3,845470499
14,457,4,845469365
14,464,3,845470717
14,466,2,845470070
14,474,4,845469678
14,477,3,845470321
14,480,5,845469403
14,485,3,845469928
14,489,3,845470797
14,490,4,845470680
14,494,3,845470321
14,500,3,845469528
14,502,2,845470780
14,516,2,845470717
14,519,2,845470571
14,520,1,845470070
14,533,2,845470762
14,539,4,845469555
14,540,3,845470148
14,542,2,845470848
14,553,2,845469702
14,587,5,845469528
14,588,4,845469325
14,590,3,845469280
14,592,2,845469279
14,593,3,845469365
14,595,4,845469365
14,596,3,845470175
14,597,4,845469555
14,631,3,845470945
14,640,2,845471038
14,707,3,845471009
14,981,3,845471793
14,1073,3,845472188
14,1082,3,845471420
14,1084,3,845472128
15,1,4,1137894004
15,7,3,1153012997
15,17,3.5,1293228198
15,24,4,1153013415
15,32,4.5,1137893119
15,34,4,1153012680
15,36,4,1385487390
15,39,5,1137892493
15,47,4.5,1137893165
15,110,3,1151809863
15,111,2.5,1153012855
15,141,3.5,1151809856
15,150,4,1137893937
15,153,2,1137894222
15,215,2.5,1176333869
15,223,3,1345383523
15,224,3,1153013310
15,231,2,1153012712
15,235,2,1137947397
15,237,2.5,1153013472
15,253,3,1137893537
15,260,3.5,1137892216
15,265,3.5,1153013079
15,266,3,1151809977
15,280,3,1143859815
15,282,4,1137892029
15,293,4,1138128694
15,296,3,1153012598
15,307,2,1345383700
15,318,5,1137894287
15,327,2.5,1153013598
15,329,3,1293228446
15,337,4.5,1137893040
15,339,3.5,1345383484
15,342,2,1153013103
15,344,2,1153012662
15,345,3.5,1153013227
15,356,4.5,1137893856
15,357,4.5,1153012725
15,367,2,1137894176
15,377,3,1153012641
15,440,3.5,1293228377
15,454,4.5,1137893567
15,468,3.5,1153013404
15,471,4,1153013180
15,475,4,1385487370
15,480,3,1153012608
15,491,4,1137894896
15,500,3,1153012708
15,508,4,1137893814
15,509,5,1153012912
15,515,3.5,1137947822
15,527,4,1137894602
15,529,4,1153013197
15,539,4.5,1137893682
15,551,3,1293228352
15,585,3.5,1153013293
15,587,3.5,1153012722
15,588,2.5,1153012638
15,589,4,1137894985
15,590,4,1138411580
15,592,2.5,1153012587
15,593,5,1137947752
15,597,5,1388425048
15,608,4.5,1137894445
15,678,4,1345383418
15,720,4,1137892871
15,733,1.5,1137893412
15,745,4,1137892863
15,778,3.5,1293228332
15,784,1.5,1293228558
15,830,2,1153013580
15,832,2,1137894887
15,838,3.5,1345383260
15,898,3,1151810029
15,904,3,1165607201
15,912,3,1137893394
15,916,3,1345383747
15,919,3.5,1137893324
15,920,4.5,1137893336
15,969,3.5,1180232840
15,1028,3.5,1153013125
15,1036,4,1345383447
15,1042,2,1137894020
15,1044,4,1137947866
15,1059,3,1153013339
15,1079,4,1153012919
15,1080,4.5,1153012952
15,1088,4,1137891996
15,1090,3.5,1293228366
15,1094,3,1137893644
15,1097,4,1153012718
15,1101,3.5,1137893556
15,1136,4,1137892941
15,1148,4,1137892880
15,1172,4,1153013400
15,1183,2.5,1137947269
15,1185,4.5,1345383058
15,1188,3.5,1385487327
15,1193,3.5,1293227988
15,1196,4.5,1137892212
15,1197,5,1133147744
15,1198,4.5,1138128606
15,1203,4,1138129127
15,1204,4,1153013168
15,1206,0.5,1137948013
15,1210,4,1133147828
15,1214,4,1293228118
15,1223,4,1137892867
15,1225,4,1138129171
15,1231,3.5,1345383640
15,1233,3.5,1177692533
15,1235,1.5,1133147391
15,1240,3,1137894982
15,1246,3.5,1137947670
15,1250,3.5,1153013164
15,1259,3.5,1148136883
15,1265,3.5,1153012820
15,1270,3.5,1153012675
15,1271,5,1137894314
15,1278,2,1153013041
15,1285,3.5,1153013277
15,1290,5,1137892458
15,1291,3.5,1138128636
15,1296,5,1133147889
15,1302,4,1153013205
15,1307,4,1137893740
15,1333,4,1153013318
15,1345,4.5,1137894334
15,1350,3.5,1385487342
15,1358,4,1153013054
15,1367,3,1180361741
15,1371,3.5,1153013325
15,1372,3,1153013216
15,1374,4.5,1137892190
15,1375,3.5,1153013249
15,1376,4,1153013134
15,1377,5,1133147657
15,1380,4,1153013021
15,1393,1.5,1137893513
15,1408,5,1133147180
15,1441,4,1137947412
15,1485,1,1137894164
15,1527,3,1293228300
15,1562,0.5,1137894257
15,1569,3,1345383507
15,1610,3.5,1345383306
15,1614,5,1133147543
15,1617,3,1293228222
15,1639,4,1153013058
15,1641,4,1153013007
15,1674,4,1293228633
15,1678,4,1137891880
15,1680,3,1205098575
15,1682,4.5,1137894123
15,1704,4.5,1137947578
15,1721,2.5,1293228087
15,1777,2.5,1153013158
15,1784,3.5,1293227911
15,1923,4,1153012874
15,1961,4,1137893478
15,1962,4,1345382953
15,1968,3,1137891855
15,1994,4,1153013444
15,2000,4,1137894731
15,2001,3,1153013120
15,2011,3,1293228287
15,2012,1.5,1293228187
15,2020,5,1137892708
15,2028,4,1153012695
15,2071,4.5,1138129178
15,2081,3.5,1153013086
15,2100,4,1137894030
15,2108,4.5,1137893002
15,2115,2,1153012962
15,2124,4,1137891947
15,2144,4,1137891919
15,2145,3.5,1137892036
15,2150,4,1153013423
15,2174,3.5,1153012946
15,2248,3.5,1138129155
15,2268,4,1137893502
15,2291,4,1153013000
15,2324,2.5,1137947665
15,2336,4,1153013377
15,2355,3,1137892841
15,2375,2,1137894058
15,2396,4,1153012844
15,2406,2.5,1293228361
15,2424,3.5,1137893694
15,2455,3.5,1293228602
15,2467,3.5,1385487348
15,2502,4,1137947707
15,2541,2.5,1153013522
15,2542,3,1137892389
15,2571,2,1137892771
15,2628,2,1133147805
15,2671,3.5,1153013239
15,2683,2,1293228125
15,2692,4.5,1137947529
15,2699,3,1293228214
15,2706,1.5,1151870478
15,2712,1.5,1137893617
15,2716,4,1153012841
15,2762,5,1133149171
15,2788,4,1157902897
15,2797,4,1137893933
15,2802,2,1137894932
15,2804,3.5,1345383441
15,2858,3.5,1144543544
15,2908,2.5,1153013542
15,2916,3.5,1293228218
15,2918,3.5,1137947615
15,2959,4.5,1138128681
15,2987,3.5,1293228149
15,2997,3.5,1293228102
15,3072,4,1153013369
15,3101,3.5,1153013211
15,3105,4,1157902910
15,3114,3,1137894009
15,3147,5,1137893981
15,3174,3.5,1137894140
15,3181,2,1137947828
15,3252,3.5,1385487381
15,3253,2,1293228346
15,3255,3,1137893997
15,3258,1,1137892438
15,3260,2,1137892274
15,3281,3.5,1137892977
15,3418,3.5,1293228596
15,3429,3,1168791377
15,3448,4,1345383313
15,3451,3,1157902926
15,3471,3.5,1153013142
15,3481,4,1202861550
15,3489,3,1153013584
15,3551,2,1137947998
15,3552,3,1345383384
15,3556,4,1385487467
15,3578,4,1153012861
15,3702,2,1293228618
15,3703,4,1153013494
15,3723,3,1137894867
15,3744,3,1202861950
15,3751,3.5,1137894727
15,3755,3.5,1153013394
15,3799,1,1202861660
15,3897,3,1157902862
15,3911,3,1137891982
15,3948,2.5,1153013208
15,3967,3.5,1157902919
15,3988,3,1137894192
15,3994,3,1153013268
15,3996,3,1137892251
15,4011,1,1345384182
15,4014,3.5,1137892140
15,4018,3.5,1137894903
15,4022,4.5,1137893884
15,4027,4,1153013048
15,4069,2.5,1202861843
15,4085,3.5,1153013383
15,4148,2,1137947787
15,4226,3.5,1137947600
15,4246,4,1153013350
15,4306,3.5,1137947610
15,4308,3,1153013366
15,4447,3,1153013624
15,4465,4,1138129107
15,4534,2,1137893209
15,4535,4,1137893205
15,4718,1,1293228678
15,4867,2.5,1202861976
15,4886,3,1133184765
15,4896,3,1345383984
15,4963,3.5,1153013138
15,4973,4.5,1137947238
15,4975,1,1137893262
15,4993,4,1137947350
15,4995,4.5,1133185493
15,5171,2,1205098197
15,5299,4.5,1151810012
15,5349,3.5,1137892300
15,5377,4.5,1133185834
15,5378,2,1202861898
15,5445,3,1137892343
15,5446,4,1202861486
15,5464,4,1144543550
15,5502,2.5,1137894788
15,5617,4.5,1345383246
15,5618,3.5,1174762183
15,5620,2.5,1202861866
15,5669,3.5,1153013412
15,5679,4,1153013615
15,5685,3.5,1202861614
15,5782,4.5,1157902939
15,5791,4.5,1345383135
15,5813,0.5,1163269939
15,5943,2,1202861777
15,5944,3.5,1202861904
15,5952,4,1137947353
15,5955,3.5,1137893827
15,5989,4,1137891988
15,5991,2.5,1202861631
15,5992,4,1323971560
15,5995,4.5,1138129084
15,6218,3.5,1137892127
15,6300,2.5,1177692591
15,6350,3.5,1174762173
15,6365,0.5,1137892756
15,6370,3.5,1185313166
15,6377,3.5,1137947323
15,6502,3,1293228142
15,6535,1.5,1153013654
15,6537,2,1202861877
15,6539,3.5,1137947367
15,6565,3.5,1202861595
15,6711,3,1180361770
15,6773,4,1151357134
15,6807,2,1293228534
15,6867,5,1143859774
15,6870,4,1143859798
15,6874,3,1293228516
15,6881,3.5,1202861572
15,6942,4,1137892014
15,7090,4.5,1141596573
15,7147,3.5,1138129134
15,7151,4.5,1180361709
15,7153,4,1137947356
15,7158,3,1202861578
15,7162,3,1151809885
15,7299,4,1185313137
15,7347,2.5,1137947442
15,7361,4.5,1137894144
15,7438,3.5,1153013464
15,7619,3.5,1157902901
15,7817,1,1137893298
15,8167,1,1137893358
15,8360,4,1293227963
15,8361,3,1293228750
15,8464,5,1137892110
15,8529,3.5,1137893896
15,8644,3,1293228133
15,8665,2.5,1293228112
15,8666,1.5,1202861710
15,8783,4,1137894815
15,8784,3,1137892162
15,8865,2,1202861918
15,8915,3.5,1151809481
15,8916,3.5,1202861958
15,8919,4,1137892102
15,8950,3.5,1202861350
15,8961,4,1137892256
15,8966,3.5,1137894636
15,8970,3.5,1137892054
15,26662,3.5,1137894557
15,27706,1,1137894128
15,27721,4,1137947249
15,27876,2,1180232823
15,30793,3.5,1133147689
15,30825,2,1137892395
15,31433,2.5,1212454510
15,31658,3,1146278802
15,33162,3.5,1163269953
15,33493,3.5,1137892319
15,33660,4.5,1137893190
15,33794,3.5,1137894508
15,33836,1.5,1176333857
15,34072,4,1137893223
15,34528,3.5,1157902964
15,34530,1,1202861719
15,35836,4,1293228098
15,36517,3.5,1202861534
15,36527,3.5,1148136735
15,37741,4,1157902883
15,37855,3.5,1151809465
15,38038,3.5,1293228694
15,38886,1,1148136722
15,39183,4.5,1293228641
15,39231,3.5,1174761995
15,39292,4,1345383616
15,40278,3.5,1163904137
15,40583,2.5,1157903015
15,40815,4,1137894527
15,40819,4.5,1143859824
15,41573,2.5,1148218318
15,43333,4,1165607230
15,43936,2,1155417699
15,44004,1.5,1245449680
15,44022,1.5,1155417686
15,44191,2.5,1157902822
15,44709,3,1159032061
15,45028,1.5,1168791329
15,45431,3,1153012759
15,45501,2.5,1245449705
15,45517,2.5,1151809435
15,45722,3.5,1202861335
15,45950,3,1168791397
15,46530,3,1155417712
15,46578,3.5,1168791350
15,46965,2,1202861924
15,47099,4,1202861561
15,47629,4,1180232832
15,47810,1.5,1202861683
15,47978,3.5,1294606677
15,48394,3,1180232875
15,48774,3,1176333887
15,48780,4,1177692726
15,49272,3,1323971615
15,49274,2,1323971569
15,49666,5,1323971550
15,50872,3.5,1186450492
15,52973,2,1293228506
15,53894,4,1210205713
15,54001,3.5,1185313119
15,54272,3.5,1186450505
15,54286,2,1205098506
15,55052,3,1210205722
15,55094,5,1205098181
15,55442,3.5,1227450278
15,56171,2.5,1202861303
15,56174,3,1293228430
15,56333,4,1227450460
15,56367,4,1202861286
15,56941,1,1212454526
15,58154,2,1205098451
15,58559,2.5,1293228388
15,59315,2.5,1299438648
15,59725,2,1227450320
15,59784,2.5,1293228660
15,60069,4.5,1293227902
15,63062,4,1345382957
15,63082,4.5,1245449784
15,63113,2.5,1245449815
15,63853,1.5,1245449738
15,63876,4,1345383073
15,64957,4.5,1293228579
15,66203,3.5,1245449726
15,67255,4.5,1323971687
15,68157,3,1293228051
15,68358,4,1245449767
15,69481,3,1293228478
15,70286,3.5,1293228247
15,71535,3.5,1323971352
15,71899,4,1345383789
15,73000,2,1294606591
15,73017,2.5,1293228270
15,73323,4,1323971706
15,74488,2,1294606417
15,74510,4,1323971697
15,76093,4,1293227644
15,77561,1.5,1299438651
15,78266,1,1294606616
15,78499,3,1345382822
15,79091,4,1294606646
15,79132,3,1293227721
15,79897,3,1323971291
15,80463,3.5,1345383650
15,81564,4,1345383238
15,81845,5,1299437898
15,81847,2,1345383006
15,82767,4.5,1323971544
15,85438,4,1323971255
15,85881,4,1323971108
15,86833,4,1323971172
15,86882,4,1345383120
15,86898,0.5,1323971099
15,87306,3,1323971373
15,88129,3.5,1345384073
15,88140,2.5,1323971416
15,88163,4,1323971117
15,89492,3.5,1345383270
15,89904,2,1385487355
15,91542,3,1345382891
15,94959,3,1385487471
15,96687,4,1385487273
15,96821,3.5,1385487484
15,98154,4.5,1385487361
16,105,4,1012005967
16,110,4,1012006980
16,151,5,1012007006
16,155,5,1012006952
16,266,5,1012007006
16,480,4,1012006061
16,527,5,1012006035
16,647,5,1012007006
16,912,5,1012006002
16,991,5,1012007026
16,1183,4,1012006980
16,1198,4,1012005945
16,1233,5,1012006952
16,1784,5,1012005945
16,1936,5,1012006061
16,2202,4,1012006035
16,2994,4,1012006035
16,3101,5,1012005967
16,4284,5,1012006061
16,4318,5,1012006061
16,4360,4,1012006035
17,1,5,944991567
17,2,3,944991114
17,3,2,944993651
17,4,3,944993166
17,5,4,944993709
17,7,3,946616973
17,8,3,944990828
17,10,3,944989628
17,11,3,946616846
17,12,1,946617997
17,14,2,944996562
17,19,1,944993918
17,20,1,944990423
17,21,3,946613456
17,24,3,944996768
17,31,2,944996999
17,32,3,944995770
17,34,5,944992014
17,36,4,946618606
17,39,1,944992042
17,42,1,946614087
17,44,1,944990155
17,48,5,944991747
17,52,3,944992158
17,60,3,944991029
17,62,3,944995572
17,63,4,946615105
17,69,2,944992213
17,73,5,944994582
17,86,2,944990918
17,93,1,946616944
17,95,2,944989939
17,104,2,944992871
17,105,1,944997029
17,107,2,944993298
17,110,5,944989152
17,111,3,944995379
17,112,2,944990863
17,116,3,944995034
17,122,1,944993820
17,126,1,944991401
17,141,3,946616869
17,145,1,944989674
17,150,5,944995493
17,151,4,946619878
17,153,2,944990384
17,158,2,944991287
17,160,1,944990305
17,161,3,944996435
17,165,3,944989628
17,168,1,944989834
17,169,1,944991371
17,172,3,944990278
17,173,1,944990468
17,177,1,946621417
17,181,1,946614370
17,186,3,944993074
17,191,2,944997189
17,193,5,946620833
17,196,4,946623523
17,204,1,946614208
17,208,2,944990423
17,209,3,946620358
17,216,2,944992471
17,231,1,944993536
17,232,3,944992245
17,235,2,944991936
17,239,3,944991774
17,241,1,944997467
17,246,1,944994832
17,250,1,946616990
17,252,3,944992568
17,253,2,944997408
17,258,1,944991438
17,260,5,944989116
17,261,3,944996268
17,265,4,946618465
17,267,1,944993709
17,273,1,944997297
17,276,2,944993919
17,277,4,944996175
17,288,2,944989674
17,290,1,944995650
17,292,2,944989707
17,293,4,944996064
17,294,1,946617196
17,296,2,944995260
17,300,2,946618607
17,303,2,944990960
17,313,3,944991714
17,315,1,944990656
17,316,4,944991163
17,317,5,944992532
17,318,5,946618269
17,327,1,944989798
17,329,3,944989939
17,333,1,944993679
17,339,2,944992676
17,342,4,946615373
17,344,2,944993779
17,349,4,944989471
17,350,3,944996175
17,351,1,944993265
17,353,5,944989471
17,355,1,944993779
17,356,5,944891240
17,357,4,946615609
17,362,2,944991029
17,364,4,944991602
17,367,4,944992568
17,368,3,944989628
17,370,1,944993623
17,374,1,944993709
17,377,3,944989403
17,379,2,946614053
17,380,5,944989598
17,393,1,944990687
17,404,3,944994909
17,405,1,944990423
17,410,2,944992871
17,413,2,946617440
17,419,2,944993037
17,420,1,944993411
17,421,3,944990918
17,428,2,944996649
17,429,2,944993323
17,432,1,944993751
17,434,2,944991114
17,435,3,944993037
17,440,5,944992190
17,442,1,944989939
17,445,1,944994051
17,454,3,946619997
17,455,1,944997264
17,457,4,946613356
17,458,2,946619857
17,460,3,946617725
17,466,1,944990278
17,468,2,944993442
17,473,1,944994052
17,480,4,944989339
17,482,4,946624307
17,484,3,944991334
17,485,1,944990305
17,486,2,944992362
17,489,2,944993323
17,491,3,944997346
17,494,2,946613992
17,497,5,946615336
17,500,4,946616919
17,502,1,944990551
17,508,2,944995540
17,509,2,944996268
17,510,1,944997602
17,512,2,946621359
17,516,2,944993135
17,517,2,946621974
17,519,3,946623589
17,520,1,944993919
17,524,3,944996821
17,527,5,944995285
17,529,3,944995472
17,531,4,944996435
17,533,2,944990278
17,539,3,944992703
17,541,5,946621021
17,543,3,946616919
17,546,1,944990551
17,548,1,944990468
17,551,2,944992596
17,552,3,944991074
17,558,1,944990235
17,575,2,946617411
17,585,3,944993352
17,586,4,944993389
17,587,2,944993265
17,588,4,944991567
17,589,5,944989198
17,590,5,944990918
17,592,5,944989471
17,593,2,944995285
17,594,5,944991515
17,595,4,944991567
17,596,5,944991515
17,597,5,944993265
17,602,1,944994832
17,608,2,944995260
17,609,3,944991114
17,610,5,944989798
17,611,1,946614323
17,613,2,944997189
17,616,2,944991673
17,631,2,944991774
17,637,1,944993820
17,648,3,944989742
17,650,3,946619970
17,653,4,944989707
17,661,3,944991634
17,663,3,944993135
17,671,3,946615177
17,673,1,944991334
17,674,3,944991029
17,678,4,946619009
17,688,1,944990618
17,694,3,944990126
17,709,3,944991673
17,710,1,944994194
17,719,4,946617674
17,720,5,944991515
17,722,3,944994909
17,724,1,944997467
17,725,1,946617440
17,733,3,944989511
17,736,3,944989707
17,741,4,944991774
17,742,1,946624885
17,745,5,944991515
17,747,1,944993876
17,748,2,944990338
17,750,5,946623426
17,761,1,944991287
17,765,2,944993919
17,769,3,944994935
17,778,4,946618413
17,780,4,944989511
17,783,5,944991714
17,784,2,944993651
17,785,1,944993442
17,786,4,944989939
17,788,1,944993389
17,798,1,946614538
17,799,5,944992532
17,801,3,944992640
17,802,5,944996130
17,818,2,944992983
17,828,2,944991239
17,829,1,946616846
17,830,1,946617221
17,839,2,944990384
17,841,2,946621322
17,849,2,944990235
17,852,1,944992729
17,858,2,944989116
17,861,1,946614087
17,880,1,946623589
17,881,3,944993200
17,888,3,944991747
17,892,3,944992042
17,897,4,946614476
17,898,3,944991936
17,899,3,944994582
17,900,3,944994614
17,901,1,946616846
17,902,3,944891045
17,908,4,944995328
17,909,2,944992190
17,910,4,946614876
17,911,3,946615053
17,912,5,944995260
17,913,4,946620959
17,914,3,944994614
17,915,3,944992640
17,917,5,946618564
17,919,4,944990746
17,920,4,944891005
17,923,3,944995343
17,924,5,944995737
17,926,4,946618383
17,934,4,944992848
17,940,5,944989242
17,941,3,946614476
17,943,3,946619070
17,945,3,944994582
17,947,3,944991962
17,948,4,946618962
17,950,4,946621837
17,951,4,944991898
17,952,3,944991074
17,953,5,944995443
17,954,5,944995964
17,955,5,944991936
17,957,1,944996744
17,963,2,944994582
17,968,5,946621266
17,969,5,944990746
17,971,5,946619070
17,973,4,946618607
17,976,3,946623021
17,996,1,946614053
17,1005,2,944993919
17,1006,1,944997131
17,1007,2,946617135
17,1009,3,944991163
17,1010,2,944993226
17,1011,2,944991371
17,1012,5,944995817
17,1013,4,944996799
17,1014,5,944993074
17,1015,2,944990828
17,1016,3,944992871
17,1017,3,944892016
17,1018,3,944993323
17,1019,3,944990918
17,1020,1,944993095
17,1021,3,944993265
17,1022,5,944991673
17,1023,5,944991714
17,1024,2,944991673
17,1025,5,944991674
17,1027,5,946620471
17,1028,5,944992402
17,1029,5,944991634
17,1030,1,944991239
17,1031,2,944990828
17,1032,5,944991567
17,1033,5,944991747
17,1035,4,944994647
17,1036,3,944989198
17,1037,2,946614164
17,1042,2,946615516
17,1059,3,944995931
17,1061,4,946619159
17,1064,3,944991714
17,1073,5,944992676
17,1077,5,944992245
17,1078,3,944992292
17,1079,3,944991936
17,1080,4,944992090
17,1081,2,944992983
17,1082,3,946619070
17,1083,4,944992676
17,1084,2,944995400
17,1085,3,944990960
17,1087,3,944994676
17,1088,3,944994676
17,1090,5,944995931
17,1091,1,946617587
17,1093,2,944994582
17,1096,4,946618703
17,1097,4,944995737
17,1101,4,944989559
17,1103,3,946618383
17,1104,3,944996064
17,1120,1,946619756
17,1122,4,944994974
17,1124,4,946620025
17,1125,5,946615585
17,1126,3,946617857
17,1127,4,944989798
17,1128,1,946621437
17,1129,5,944990918
17,1130,2,946621322
17,1135,2,944992729
17,1136,4,944991962
17,1147,1,944994832
17,1148,5,944991515
17,1151,3,946614646
17,1183,3,946622802
17,1185,2,944995628
17,1191,1,944994956
17,1193,5,944995225
17,1194,3,944992596
17,1196,5,944989152
17,1197,5,944990746
17,1198,5,944989116
17,1199,4,946623426
17,1200,4,944989242
17,1201,3,944989242
17,1204,4,944990746
17,1206,4,946623452
17,1207,5,944995198
17,1208,5,944995260
17,1210,5,944989198
17,1213,4,944995443
17,1214,4,944989299
17,1215,4,946613356
17,1219,4,946621112
17,1220,3,944989403
17,1221,2,944989299
17,1222,4,946613689
17,1223,5,944991515
17,1225,3,946618440
17,1226,4,946616805
17,1228,2,944995260
17,1230,4,944992014
17,1233,5,944989198
17,1234,1,944992042
17,1237,4,944995379
17,1240,5,944989339
17,1242,1,946613456
17,1244,2,944995628
17,1246,4,944996240
17,1247,3,944995540
17,1250,3,944995328
17,1251,1,944995198
17,1252,4,946620959
17,1253,5,944995691
17,1256,5,944991856
17,1258,5,946621190
17,1262,5,944990746
17,1263,5,946619159
17,1265,4,946615373
17,1267,4,946620959
17,1270,4,944992245
17,1271,4,946619070
17,1272,5,944995572
17,1275,5,944989511
17,1276,5,944991856
17,1277,4,944989242
17,1278,5,944992014
17,1281,4,944992402
17,1282,3,944991515
17,1284,4,946620959
17,1287,5,944989198
17,1291,4,944989198
17,1292,5,944991936
17,1293,5,944995307
17,1297,3,946616678
17,1298,4,944996290
17,1299,5,944995307
17,1301,4,946623426
17,1302,5,944996039
17,1304,3,944989152
17,1307,2,944992270
17,1320,4,944990022
17,1321,4,946621190
17,1327,1,946621565
17,1333,4,946621160
17,1334,4,946621190
17,1339,3,946621322
17,1340,5,946621112
17,1342,1,946621542
17,1344,4,946621045
17,1345,4,946621190
17,1346,2,946621383
17,1347,3,946621266
17,1348,5,946621112
17,1350,3,946621322
17,1356,3,944989939
17,1357,2,944996540
17,1358,3,944995599
17,1359,2,944991287
17,1367,2,944992676
17,1370,3,944989598
17,1371,2,944990235
17,1372,3,944991114
17,1373,2,944990423
17,1374,4,944989437
17,1375,4,944989890
17,1376,3,944989598
17,1377,3,944990022
17,1378,2,944990022
17,1379,1,944993709
17,1380,4,944992912
17,1381,1,944994194
17,1387,2,944989242
17,1388,1,944990338
17,1389,1,944990656
17,1391,2,944989890
17,1393,3,944996191
17,1394,4,946614970
17,1395,1,944992951
17,1396,3,944996540
17,1405,4,944991747
17,1408,4,944989198
17,1409,3,946622802
17,1411,3,944995817
17,1416,1,944997297
17,1422,1,946621974
17,1429,3,944989798
17,1431,1,944990423
17,1432,1,946614323
17,1438,1,946614323
17,1441,3,944992402
17,1445,2,946617725
17,1460,2,946616736
17,1461,2,946616944
17,1474,2,944993095
17,1479,4,946614348
17,1485,3,944993166
17,1487,3,944996861
17,1499,1,944990305
17,1503,1,944993536
17,1517,2,944992568
17,1527,4,944989674
17,1538,1,944991287
17,1544,3,944991334
17,1551,2,944991239
17,1552,2,944991334
17,1556,1,944990618
17,1562,1,944990551
17,1566,2,944991114
17,1569,4,944993506
17,1573,1,946613750
17,1580,4,944989403
17,1584,4,946619070
17,1586,1,944997297
17,1587,4,944989890
17,1588,2,944992596
17,1589,1,946621974
17,1590,2,944990468
17,1591,3,944991371
17,1592,2,944993751
17,1595,1,944991401
17,1597,3,946621897
17,1599,1,946614323
17,1602,2,946614970
17,1606,1,944990384
17,1608,3,944989559
17,1610,5,944989299
17,1619,3,946620252
17,1620,2,944996353
17,1626,1,946614053
17,1633,5,944995379
17,1641,3,944991936
17,1643,3,946619756
17,1646,3,944993779
17,1663,2,944992315
17,1665,3,944992761
17,1674,3,946619185
17,1676,4,944991239
17,1678,4,944995599
17,1681,1,946614348
17,1682,3,944996380
17,1687,2,944990106
17,1688,4,944991714
17,1690,4,944989798
17,1702,2,944992848
17,1704,4,944995379
17,1707,1,944993997
17,1713,1,944992983
17,1721,5,944996821
17,1722,2,946613992
17,1726,2,944995692
17,1727,1,944997384
17,1732,2,946615373
17,1735,3,944996977
17,1739,1,944990618
17,1747,2,944992640
17,1748,5,946621021
17,1750,1,944991194
17,1752,1,944990155
17,1759,4,944995112
17,1760,1,944994695
17,1762,1,946613806
17,1769,1,946613806
17,1772,1,944990468
17,1777,1,944992640
17,1779,1,944991239
17,1784,5,944992471
17,1785,1,946613750
17,1792,1,944989983
17,1797,3,944994936
17,1801,3,944990235
17,1804,1,944997189
17,1806,3,944991029
17,1810,3,944996039
17,1822,1,946617884
17,1827,3,944994857
17,1831,3,944990468
17,1833,2,944989834
17,1837,1,946617196
17,1839,1,944993779
17,1840,1,944996039
17,1848,2,944990960
17,1849,1,944991462
17,1858,1,946614323
17,1863,4,944993951
17,1873,5,946619103
17,1876,2,944990022
17,1881,2,944991163
17,1882,1,944990618
17,1883,2,944992090
17,1888,1,944997467
17,1894,2,944991114
17,1907,3,944891045
17,1911,1,944993442
17,1917,3,944990106
17,1918,3,944993200
17,1920,1,944991714
17,1923,2,944992703
17,1924,1,946621417
17,1925,3,946623041
17,1931,3,944990779
17,1935,4,944996064
17,1941,4,946620103
17,1943,3,946619678
17,1946,3,944996380
17,1947,3,944994614
17,1948,2,944992532
17,1949,4,944995225
17,1950,2,944995795
17,1951,3,946621789
17,1952,3,944995964
17,1953,2,944995540
17,1954,4,944989628
17,1955,2,944996540
17,1957,2,944995572
17,1958,1,944997029
17,1960,3,944996064
17,1961,4,944996380
17,1962,4,946619159
17,1963,4,946615177
17,1967,2,944991074
17,1968,3,944992532
17,1970,3,946621515
17,1974,3,946621515
17,1982,2,946621230
17,1983,1,946621565
17,1987,1,946621585
17,1992,1,946621542
17,1994,5,946621266
17,1995,1,946621565
17,1997,5,946621160
17,2000,4,944989403
17,2001,4,944989511
17,2002,4,944989628
17,2003,2,944993095
17,2004,2,944993411
17,2005,5,944991239
17,2006,2,946613751
17,2009,4,946623477
17,2010,5,946623426
17,2011,3,944993265
17,2012,3,944993352
17,2013,2,944989742
17,2014,2,944992824
17,2015,4,944992912
17,2016,2,944993265
17,2017,3,944994676
17,2018,5,944991567
17,2019,4,944989152
17,2021,3,946620890
17,2022,4,946619332
17,2023,2,944989598
17,2028,5,944995307
17,2033,1,944991674
17,2034,3,946623543
17,2035,3,944993601
17,2037,2,944991334
17,2038,2,944993536
17,2040,3,946617221
17,2041,1,944990468
17,2042,3,944993651
17,2043,3,944991194
17,2044,2,946617957
17,2046,3,944990918
17,2048,4,944991674
17,2050,2,944991371
17,2051,2,944991371
17,2052,1,946616543
17,2053,2,944993751
17,2054,3,944991163
17,2056,2,944990961
17,2057,3,944991029
17,2058,1,946613751
17,2059,1,946620130
17,2064,1,944994832
17,2067,4,946619103
17,2072,3,944993820
17,2077,4,944990828
17,2078,5,944991602
17,2080,5,944991602
17,2081,5,944991634
17,2082,3,944993200
17,2085,4,944991567
17,2086,5,944995420
17,2087,5,944991602
17,2088,2,944991401
17,2089,3,944991634
17,2090,3,944991674
17,2091,2,946623589
17,2092,5,944991714
17,2093,2,944991194
17,2094,4,944990022
17,2095,2,944992912
17,2096,5,944991634
17,2097,3,946621359
17,2098,4,944993536
17,2099,3,944991714
17,2100,3,944992498
17,2102,5,944991634
17,2105,4,944991029
17,2106,3,944997131
17,2108,3,944992336
17,2109,3,944992824
17,2110,2,946617110
17,2111,2,944992951
17,2115,4,944989559
17,2116,3,944990961
17,2117,4,946623477
17,2118,4,946621266
17,2120,3,946620068
17,2121,3,946621515
17,2122,2,946621542
17,2123,2,944991774
17,2124,3,944993018
17,2125,1,944996268
17,2130,1,944995965
17,2132,5,946618787
17,2135,2,944991163
17,2136,4,946617411
17,2137,3,944991634
17,2138,3,944991567
17,2139,3,944991674
17,2140,2,946620891
17,2141,3,944991714
17,2142,2,944991774
17,2143,2,944991163
17,2144,2,944992729
17,2147,3,944997426
17,2150,1,944992213
17,2151,1,944992951
17,2152,2,944992824
17,2153,1,944990618
17,2154,1,944997264
17,2155,1,946616543
17,2160,5,946621160
17,2161,2,944991075
17,2162,1,944991334
17,2163,1,944994052
17,2167,2,944892016
17,2169,1,946617773
17,2174,5,944992430
17,2193,4,944989674
17,2194,3,944989403
17,2240,2,944996699
17,2243,2,944992245
17,2245,4,944992913
17,2253,1,944990384
17,2263,3,946624708
17,2268,4,944996353
17,2270,3,944995034
17,2286,4,944993751
17,2288,4,944989742
17,2289,2,946614876
17,2290,3,944992336
17,2291,4,944996403
17,2294,4,944991634
17,2296,1,946618050
17,2300,2,944992014
17,2301,2,944992983
17,2302,5,944992042
17,2303,3,944994614
17,2306,1,944992983
17,2311,5,946623498
17,2312,3,944996130
17,2313,3,946618343
17,2321,2,944992190
17,2322,4,944990551
17,2334,3,946613890
17,2335,2,944993558
17,2336,4,946618607
17,2346,5,946623523
17,2352,3,944992190
17,2353,2,944989339
17,2355,5,944991515
17,2363,1,946614053
17,2366,3,944989403
17,2367,2,944991194
17,2368,1,944991462
17,2370,3,944996977
17,2371,2,944992913
17,2372,1,944993536
17,2373,3,944991438
17,2375,5,944993751
17,2376,2,944990106
17,2377,1,946621542
17,2378,1,944993679
17,2379,1,944993920
17,2380,1,944994194
17,2381,1,944994194
17,2382,1,944994194
17,2384,4,944992014
17,2392,1,944993679
17,2393,3,944990106
17,2394,3,944991602
17,2395,2,946615373
17,2396,5,944991898
17,2398,4,944995931
17,2399,2,944991239
17,2400,2,944997346
17,2402,3,944990235
17,2403,4,944989890
17,2404,3,944990551
17,2405,4,944991114
17,2406,4,944989437
17,2407,4,944993135
17,2408,3,946617774
17,2409,3,944990155
17,2410,3,944990235
17,2411,3,944990384
17,2412,2,944990551
17,2414,2,944989798
17,2420,1,944996821
17,2421,1,944991401
17,2422,1,944990423
17,2423,2,944993389
17,2424,2,944992640
17,2428,1,946621417
17,2429,2,944991029
17,2430,1,944996589
17,2431,3,944993779
17,2432,4,946620471
17,2450,1,944991401
17,2454,2,946621322
17,2455,2,946621230
17,2459,1,946621266
17,2463,2,944992848
17,2468,1,944990305
17,2469,2,946617363
17,2470,3,944990961
17,2471,2,944991371
17,2473,1,944994052
17,2474,2,944996915
17,2476,4,944989559
17,2478,2,946617725
17,2492,1,944994194
17,2495,4,944991602
17,2497,2,946623134
17,2498,1,944994052
17,2513,1,946621417
17,2520,2,946620650
17,2521,2,946620692
17,2522,2,946620711
17,2524,1,944997161
17,2525,1,944990182
17,2527,3,944989798
17,2528,3,944990022
17,2529,2,944989403
17,2530,1,944990235
17,2531,3,944989116
17,2532,2,944989116
17,2533,2,944990155
17,2535,1,944990305
17,2537,1,944991462
17,2539,2,946616678
17,2546,3,946620103
17,2549,2,944990551
17,2553,4,946621112
17,2554,3,946621160
17,2555,2,946617808
17,2560,2,946621383
17,2565,3,944994647
17,2567,1,944993074
17,2568,1,944990618
17,2571,5,944989242
17,2572,4,946615484
17,2574,4,946617808
17,2582,1,944994194
17,2583,3,946621871
17,2615,3,944991163
17,2616,2,944989890
17,2617,3,944991194
17,2622,4,944992787
17,2628,5,944989834
17,2633,4,946621266
17,2634,4,946621230
17,2639,1,944996668
17,2640,3,944989511
17,2641,2,944991163
17,2642,2,944991401
17,2643,1,944990656
17,2644,4,946621190
17,2648,5,946621112
17,2649,2,946621286
17,2651,3,946621322
17,2657,1,944992761
17,2660,4,946623452
17,2661,4,946623498
17,2662,4,944989339
17,2664,5,946621112
17,2665,5,946623498
17,2668,1,946621437
17,2671,4,944993018
17,2672,3,946621045
17,2683,2,944993389
17,2687,5,944991602
17,2688,2,946624813
17,2693,4,944994936
17,2694,1,944993536
17,2699,2,944993074
17,2700,3,944991567
17,2701,1,944990493
17,2710,1,946621417
17,2712,2,946619970
17,2716,5,946615609
17,2717,3,944993751
17,2720,1,944990656
17,2723,2,944991075
17,2724,2,944992471
17,2728,3,944995472
17,2734,1,944997467
17,2735,1,944990022
17,2739,2,944996353
17,2746,5,944992951
17,2747,3,944992951
17,2748,1,946614370
17,2761,2,944991567
17,2762,5,946623952
17,2763,2,944989299
17,2764,3,946620227
17,2770,1,944992703
17,2779,2,944992825
17,2782,5,946621383
17,2784,5,946621359
17,2788,4,946615105
17,2789,1,946621565
17,2791,2,944991898
17,2792,1,944993477
17,2793,3,944993820
17,2794,2,944993558
17,2795,3,944992596
17,2797,4,944992596
17,2800,1,944991747
17,2804,4,946615053
17,2805,1,946617337
17,2806,2,946617622
17,2807,1,944990278
17,2808,2,944990278
17,2815,1,944990235
17,2816,1,944990687
17,2817,1,944990618
17,2818,1,944990656
17,2819,2,946624184
17,2822,2,946614538
17,2826,3,944990423
17,2827,2,946623589
17,2828,1,946617337
17,2829,1,944993876
17,2840,3,946624791
17,2857,4,944991515
17,2858,2,944992090
17,2862,1,944997297
17,2863,4,944991856
17,2866,3,944996175
17,2867,3,946621266
17,2871,3,944990746
17,2872,2,944989339
17,2876,2,944991714
17,2877,4,944994676
17,2879,3,944989707
17,2881,3,944990106
17,2882,5,946620803
17,2899,3,944990918
17,2911,2,944995420
17,2916,5,944990779
17,2918,2,944992362
17,2919,4,946618746
17,2926,2,946615420
17,2930,3,944995034
17,2941,3,944994676
17,2942,4,944997501
17,2944,3,946613356
17,2946,4,944992703
17,2947,3,946613689
17,2949,3,946613751
17,2950,2,944991462
17,2951,3,944989242
17,2953,3,944892016
17,2968,2,944990828
17,2971,3,944994614
17,2985,4,944989707
17,2986,2,944990305
17,2987,5,944991602
17,2989,2,946613992
17,2990,3,944989707
17,2991,3,944989339
17,2993,3,944989437
17,3011,1,944996589
17,3012,3,946614820
17,3014,1,946617292
17,3015,3,946624236
17,3018,3,946621112
17,3020,5,944989674
17,3022,4,946614970
17,3028,5,944892016
17,3029,1,944996589
17,3030,4,946614820
17,3032,5,946623426
17,3033,3,944993018
17,3034,3,944991602
17,3035,5,944992213
17,3036,3,944991075
17,3037,2,944992471
17,3039,2,944992315
17,3040,3,946617221
17,3042,1,944994195
17,3061,4,944992498
17,3062,5,944989152
17,3070,2,944990828
17,3072,2,944991936
17,3073,3,944996977
17,3081,5,946621266
17,3086,4,944993135
17,3087,3,944992825
17,3088,5,946614970
17,3095,5,946618269
17,3096,3,946614820
17,3099,2,946615758
17,3100,4,946618607
17,3103,5,946620555
17,3105,2,946619857
17,3107,1,944997264
17,3108,2,944992315
17,3113,4,944990106
17,3114,5,944991567
17,3133,3,946614646
17,3135,5,944996175
17,3142,4,944994647
17,3144,1,944994105
17,3146,2,946617997
17,3147,5,946618383
17,3153,1,944989299
17,3155,2,946619548
17,3168,3,944990746
17,3169,3,946619159
17,3175,5,946614450
17,4006,1,946614370
17,5060,5,944992158
18,11,3,844374930
18,19,1,844374821
18,21,3,844374820
18,32,4,844374845
18,39,3,844374868
18,47,5,844374762
18,150,5,844372406
18,153,2,844374623
18,160,3,844374867
18,161,4,844374712
18,165,1,844374623
18,185,3,844374712
18,208,1,844374740
18,231,2,844374650
18,236,3,844374971
18,266,1,844374905
18,296,4,844372406
18,300,4,844374762
18,316,3,844374650
18,318,5,844374694
18,329,3,844374694
18,339,2,844374740
18,344,3,844374623
18,349,4,844374623
18,350,4,844374905
18,356,3,844374694
18,357,5,844374845
18,377,3,844374762
18,380,3,844372406
18,410,2,844374784
18,432,2,844374905
18,434,3,844374694
18,440,4,844374867
18,457,4,844374650
18,474,3,844374930
18,480,3,844374712
18,509,3,844374971
18,539,5,844374845
18,586,2,844374784
18,587,1,844374820
18,588,1,844374623
18,589,4,844374740
18,590,3,844372406
18,592,3,844372405
18,593,5,844374650
18,597,2,844374820
19,260,4,1428650333
19,2355,4,1428650438
19,3114,4,1428650439
19,3578,5,1428650598
19,3996,5,1428650592
19,4306,3.5,1428650444
19,4886,4,1428650436
19,4973,4,1428650378
19,4993,5,1428650326
19,5218,4,1428650441
19,5952,5,1428650329
19,6377,5,1428650380
19,6874,4,1428650590
19,7153,4.5,1428650375
19,58559,4,1428650564
19,59315,4.5,1428650458
19,68954,4.5,1428650372
19,72998,4,1428650462
19,78499,4.5,1428650370
19,79132,5,1428650584
19,89745,4.5,1428650596
19,91529,4.5,1428650599
19,111759,4,1428650463
20,154,3.5,1210461733
20,199,3,1186109044
20,213,2.5,1186101875
20,232,3,1186101386
20,242,3,1186108970
20,273,4,1186098653
20,296,3,1186099045
20,306,5,1186095226
20,307,5,1186089881
20,308,5,1186095838
20,382,3,1186095612
20,480,3,1210460810
20,527,4.5,1186098637
20,593,4.5,1186094040
20,594,4,1186094360
20,608,2.5,1186099165
20,665,3,1186358978
20,714,5,1186097272
20,750,3,1186098931
20,780,4,1186098741
20,836,4,1186098764
20,858,4,1186100245
20,903,3,1186100442
20,904,3.5,1186098826
20,909,2.5,1186100841
20,910,4,1186100821
20,914,0.5,1186095007
20,920,2.5,1186099080
20,923,2.5,1186099100
20,924,5,1186090268
20,928,3.5,1186098822
20,952,1.5,1186099241
20,965,3,1186357098
20,1092,1.5,1186099233
20,1093,5,1186095254
20,1096,4,1186096688
20,1173,0.5,1186097067
20,1183,3.5,1186094427
20,1193,5,1186100414
20,1198,3,1186094126
20,1200,2.5,1186946152
20,1202,5,1186104456
20,1203,1,1186090169
20,1206,2.5,1186109014
20,1214,3,1186090762
20,1219,3.5,1186098707
20,1232,4,1186100530
20,1233,3,1186098943
20,1237,5,1186096862
20,1251,3.5,1186098964
20,1258,5,1186101213
20,1265,2,1186104248
20,1266,2.5,1186103759
20,1281,3,1186099067
20,1289,4.5,1186099861
20,1295,3.5,1186359876
20,1296,3.5,1186098806
20,1298,4,1186095702
20,1320,2.5,1186946167
20,1333,4.5,1186091929
20,1348,5,1186096965
20,1354,0.5,1186096671
20,1387,4,1186098723
20,1416,2.5,1186095814
20,1419,1.5,1186310924
20,1496,2,1186106300
20,1619,5,1186096261
20,1627,0.5,1186097295
20,1635,2.5,1186099074
20,1690,2.5,1186946127
20,1721,4,1186365402
20,1730,4,1186098719
20,1801,2,1186099254
20,1911,0.5,1186095481
20,1939,2.5,1186098271
20,1950,4.5,1186098756
20,1951,3,1186097689
20,1952,4.5,1186098647
20,1955,3,1186099057
20,1997,3,1186102401
20,2019,5,1186094944
20,2022,3,1186102698
20,2068,3,1186098416
20,2075,4,1186102006
20,2076,2.5,1186095154
20,2131,5,1186091334
20,2132,4,1210462194
20,2160,4,1186095421
20,2186,3.5,1186100275
20,2208,4,1186097953
20,2210,3.5,1186101292
20,2366,3.5,1186089865
20,2389,3.5,1186098841
20,2467,3.5,1186104287
20,2571,4,1186092491
20,2633,3.5,1186098365
20,2644,4,1186097850
20,2648,3.5,1186358667
20,2664,2.5,1210462071
20,2704,4,1186360385
20,2728,3,1186357131
20,2729,1.5,1186097430
20,2731,4,1186099997
20,2732,3.5,1186101091
20,2857,5,1186096597
20,2948,2.5,1186099087
20,3011,3.5,1186361724
20,3168,5,1186095974
20,3257,3,1186095668
20,3307,5,1186097980
20,3363,4.5,1186089818
20,3386,3.5,1186098888
20,3404,4,1186098300
20,3415,3.5,1186100258
20,3441,4.5,1186097239
20,3462,3.5,1186358184
20,3503,3,1186098498
20,3527,4,1186365081
20,3545,5,1186098772
20,3559,5,1186362230
20,3634,3.5,1186100771
20,3668,3,1186360009
20,3677,3.5,1186108641
20,3681,4,1186096948
20,3788,5,1186092058
20,4007,2.5,1186105486
20,4011,2.5,1186099041
20,4017,4,1186097796
20,4148,3.5,1186098897
20,4225,0.5,1186098210
20,4282,3,1186105857
20,4296,3,1186357316
20,4298,4,1186099973
20,4327,4,1186098716
20,4361,2.5,1186099125
20,4427,3,1186359254
20,4643,3,1186099006
20,4788,2,1186101418
20,4799,2.5,1186106110
20,4848,4.5,1186095346
20,4928,4.5,1186099677
20,5219,3.5,1186098812
20,5291,5,1186099613
20,5368,2,1186360658
20,5489,3,1186101189
20,5643,2.5,1186102996
20,5693,3,1186097533
20,5725,3.5,1186360167
20,5817,4.5,1186091159
20,5820,3.5,1186103728
20,5912,4,1186360488
20,5937,4,1186100614
20,5981,3,1186364066
20,6016,3.5,1186360563
20,6270,5,1186100939
20,6433,3.5,1186108951
20,6461,3.5,1186359187
20,6611,3.5,1186100037
20,6641,2.5,1186109006
20,6666,4,1186100231
20,6780,4.5,1186101057
20,6792,1.5,1186106431
20,6852,3.5,1186103469
20,6890,0.5,1190435183
20,6921,3,1186359121
20,6975,3,1186104058
20,6982,3.5,1186100110
20,6987,4,1186715299
20,6988,5,1186100328
20,7001,2.5,1186946215
20,7011,2,1186101479
20,7062,5,1186091919
20,7067,4.5,1186099705
20,7068,2.5,1186311006
20,7086,3.5,1186103618
20,7089,3.5,1186100541
20,7092,2.5,1186101336
20,7135,4.5,1186099624
20,7234,4,1186108763
20,7238,4,1186099607
20,7241,4,1186100173
20,7318,4,1186097496
20,7438,0.5,1186094893
20,7460,4.5,1186363290
20,7698,2.5,1186103918
20,7728,3.5,1186358950
20,7756,0.5,1186358381
20,7759,3,1186100490
20,7772,1,1186795349
20,7836,4.5,1186359318
20,7936,5,1186100017
20,7949,1,1186102650
20,8014,4.5,1186100427
20,8154,3,1186100188
20,8239,4,1186100143
20,8254,4.5,1186098956
20,8272,3.5,1186106831
20,8361,0.5,1186096977
20,8405,4,1186100645
20,8577,2.5,1186106769
20,8589,3.5,1186361266
20,8665,2,1186099186
20,8732,2,1186099280
20,8739,4,1186100889
20,8810,2,1186946077
20,8838,3,1186099117
20,8914,0.5,1186447320
20,8917,5,1186098630
20,8958,5,1210462743
20,25774,5,1186101238
20,25962,3,1186362521
20,25963,4,1186099915
20,26094,4,1186108673
20,26150,5,1186090978
20,26242,5,1186101366
20,26318,4,1186101946
20,26350,5,1186099682
20,26492,5,1210463250
20,26939,5,1186100225
20,27741,3.5,1186100129
20,27803,3,1186100516
20,27815,5,1210463185
20,31410,4,1186092381
20,32892,3,1186099598
20,33564,4,1186100163
20,34338,0.5,1186106325
20,34437,2.5,1186099180
20,40819,4,1186101739
20,42015,3,1186099105
20,45210,0.5,1186092300
20,45950,3,1186101793
20,48394,2.5,1186099149
20,49932,0.5,1188433909
20,51927,2.5,1186759158
20,53953,4.5,1186887116
21,123,3.5,1404950020
21,154,3.5,1404947808
21,213,3.5,1404949568
21,306,4,1404948512
21,307,5,1404947493
21,308,4,1404948814
21,506,3.5,1404948145
21,903,5,1404948467
21,904,3.5,1404949377
21,908,3.5,1404949371
21,912,3.5,1404949468
21,922,4.5,1404949236
21,923,4.5,1404949277
21,924,5,1404949549
21,928,3.5,1404948834
21,930,4,1404949219
21,1178,3,1404947722
21,1198,1,1404948774
21,1203,4.5,1404948472
21,1211,3.5,1404947660
21,1212,3.5,1404949240
21,1230,4.5,1404948949
21,1232,5,1404949681
21,1235,2.5,1404949882
21,1237,4.5,1404948713
21,1244,4,1404947429
21,1251,4.5,1404949130
21,1280,3.5,1404948822
21,1281,4.5,1404951151
21,1333,4.5,1404950723
21,1348,4.5,1404950739
21,1354,3.5,1404950894
21,1527,0.5,1404950044
21,1572,2.5,1404950528
21,1726,3,1404947934
21,1757,3.5,1404950403
21,1921,2.5,1404950255
21,2010,4.5,1404951181
21,2019,4,1404949529
21,2076,3.5,1404949203
21,2176,3.5,1404948831
21,2318,4,1404951367
21,2360,4.5,1404949447
21,2571,3.5,1404948695
21,2730,3.5,1404950665
21,2731,4,1404949094
21,2732,4,1404949090
21,2927,3.5,1404950009
21,2933,3.5,1404951143
21,2959,3.5,1404948478
21,2970,4.5,1404949389
21,3075,2.5,1404949107
21,3089,4,1404948963
21,3134,3,1404949048
21,3224,5,1404949989
21,3262,3,1404950714
21,3307,4.5,1404948994
21,3415,5,1404949961
21,3435,3.5,1404949304
21,3438,0.5,1404947555
21,3462,4.5,1404948975
21,3593,0.5,1404947610
21,3676,3.5,1404947860
21,3730,4,1404949135
21,3788,3.5,1404951175
21,3814,2.5,1404950640
21,3910,4.5,1404950374
21,3925,3.5,1404950505
21,4144,5,1404948806
21,4325,4.5,1404950325
21,4405,4.5,1404950686
21,4422,4.5,1404949140
21,4848,5,1404949637
21,4914,4.5,1404949318
21,4928,3.5,1404949166
21,4970,3,1404949339
21,4973,3.5,1404948675
21,5056,3.5,1404950380
21,5121,2.5,1404950348
21,5171,0.5,1404947731
21,5177,3.5,1404949065
21,5504,0.5,1404948200
21,5878,3.5,1404949839
21,5932,3.5,1404950653
21,6023,3.5,1404950602
21,6118,3.5,1404950194
21,6123,4.5,1404950493
21,6126,3.5,1404950677
21,6433,5,1404950479
21,6440,2.5,1404947741
21,6460,5,1404950283
21,6609,3.5,1404950473
21,6643,3.5,1404949404
21,6666,3.5,1404949151
21,6774,1.5,1404950623
21,6818,3.5,1404949702
21,6890,3.5,1404948022
21,6975,4.5,1404951127
21,6981,4,1404950568
21,6985,5,1404949331
21,6987,4.5,1404949931
21,6993,4,1404949343
21,7013,2.5,1404948979
21,7043,4,1404950510
21,7063,3.5,1404950577
21,7071,3.5,1404950542
21,7084,2.5,1404950588
21,7135,4,1404949364
21,7234,4.5,1404950692
21,7241,3.5,1404950606
21,7327,5,1404949230
21,7371,5,1404950816
21,7486,5,1404950398
21,7748,4.5,1404950462
21,7759,4.5,1404950096
21,7820,4,1404949211
21,7934,4.5,1404950460
21,7936,4,1404950535
21,7938,4.5,1404949864
21,7941,3.5,1404949914
21,8014,4.5,1404949807
21,8125,4,1404949381
21,8188,4,1404951282
21,8195,5,1404950483
21,8405,3.5,1404950548
21,8477,5,1404949820
21,8601,4.5,1404951247
21,8620,4.5,1404949081
21,8656,4.5,1404949675
21,8684,5,1404950486
21,8738,2.5,1404950366
21,8786,4,1404951235
21,8844,4.5,1404950188
21,8880,0.5,1404948088
21,25741,3.5,1404950901
21,25771,4.5,1404950262
21,25774,4.5,1404950454
21,25793,4,1404950295
21,26094,4.5,1404950341
21,26150,4.5,1404949508
21,26158,4.5,1404950304
21,26318,3,1404951193
21,26578,3.5,1404950160
21,26587,4.5,1404949438
21,26713,3.5,1404950300
21,26850,4,1404951362
21,32657,3.5,1404950810
21,32892,4.5,1404951054
21,32898,4.5,1404950950
21,36276,3.5,1404950072
21,38159,4.5,1404949974
21,42094,4,1404950331
21,42783,5,1404950080
21,44587,4.5,1404950220
21,44657,4.5,1404951088
21,47721,3.5,1404950795
21,48165,5,1404951295
21,60201,4.5,1404950092
21,63676,3.5,1404951027
21,64197,3.5,1404950211
21,73152,3.5,1404951038
21,79132,3,1404948723
21,86781,4.5,1404950867
21,96829,4.5,1404949660
21,100556,5,1404949999
21,105355,3.5,1404950113
22,318,5,1447600972
22,2028,4,1447601085
22,2571,5,1447600980
22,2762,4,1447601090
22,2959,3,1447600982
22,3147,4,1447601095
22,4973,4,1447601071
22,5816,4,1447601004
22,5995,4,1447601081
22,8368,4,1447601014
22,8665,4,1447601011
22,79132,4,1447600984
22,122882,3.5,1447601039
22,134130,3.5,1447601032
22,134853,5,1447601019
23,1,5,1378675311
23,107,3,1378674361
23,150,4.5,1378675353
23,260,5,1378674672
23,277,4,1382828209
23,318,4.5,1378674602
23,339,4,1378676124
23,364,4,1378675668
23,539,3.5,1378676123
23,616,4,1379110891
23,673,5,1378676200
23,745,4,1378674676
23,837,3,1378674444
23,916,2.5,1378674806
23,986,3.5,1378676343
23,1013,3,1378674483
23,1022,3.5,1378674613
23,1097,3.5,1378675103
23,1136,4.5,1378674683
23,1196,5,1378674687
23,1197,5,1378674694
23,1198,5,1378674641
23,1210,5,1378675098
23,1262,4.5,1378674725
23,1270,5,1378675129
23,1291,4,1378675305
23,1359,3.5,1378676334
23,1527,3.5,1378675018
23,1566,4,1379110972
23,1580,4.5,1378676117
23,1682,4.5,1382828121
23,1907,5,1378674621
23,2006,5,1382827956
23,2011,4,1378675806
23,2080,3.5,1378676179
23,2087,4,1378674598
23,2090,3.5,1378674609
23,2096,3.5,1378674607
23,2115,2.5,1378675066
23,2125,1.5,1378674437
23,2137,4,1378674426
23,2139,3,1378675874
23,2141,4,1378674487
23,2355,5,1378675670
23,2394,4,1378674390
23,2396,3.5,1378675072
23,2398,5,1378676311
23,2405,3,1378674402
23,2478,4.5,1378674380
23,2571,5,1378674662
23,2687,4,1378674463
23,2761,4.5,1378675466
23,2944,4,1378674357
23,3034,5,1378674496
23,3114,3.5,1378675315
23,3157,3.5,1378676297
23,3247,3.5,1382828162
23,3489,4,1382828157
23,3578,4,1378675613
23,3623,2.5,1379110838
23,3755,4,1378676148
23,3916,4.5,1379110831
23,4016,5,1378674455
23,4306,5,1378675088
23,4638,2.5,1378674410
23,4700,4,1378676273
23,4886,5,1378675350
23,4963,4.5,1378675126
23,4993,5,1378674716
23,5064,4.5,1378675711
23,5349,4,1378675040
23,5418,4.5,1378675118
23,5444,4.5,1382827821
23,5445,4,1378675025
23,5952,5,1378674753
23,6333,4,1378675085
23,6377,4,1378675618
23,6539,5,1378675110
23,6550,4,1379111030
23,6630,4,1378675955
23,6753,4.5,1378675851
23,6863,4.5,1382828146
23,6936,4,1382828258
23,6947,3.5,1378674396
23,7075,5,1378675718
23,7143,4,1378675028
23,7153,5,1378674718
23,8360,3,1378675631
23,8528,3.5,1378676253
23,8636,3.5,1378675038
23,8665,4,1378675137
23,8874,3.5,1378675395
23,8907,3.5,1379111023
23,8961,4.5,1378675378
23,8972,4.5,1379110914
23,27706,2.5,1382828249
23,33493,4,1378675837
23,33794,4,1378675327
23,34405,5,1378675325
23,39435,4.5,1382827966
23,41566,4,1382828142
23,45186,4.5,1378676239
23,45517,4,1382828236
23,45722,3.5,1378676136
23,49272,4,1378675285
23,49649,1,1379111013
23,50872,5,1378675500
23,53322,3.5,1382828232
23,54259,5,1378675645
23,54286,5,1378675367
23,56152,3.5,1378676011
23,56174,4,1378676237
23,56775,4,1378676409
23,58559,4.5,1378674634
23,59315,5,1378675414
23,59615,4.5,1378676233
23,60069,4,1378674868
23,68358,4.5,1378675388
23,68954,4.5,1378674844
23,72226,4,1378675723
23,72378,3.5,1378676227
23,72641,4,1378676376
23,72998,4,1378675499
23,73017,4.5,1378675452
23,76093,4.5,1378675488
23,77561,4,1378676218
23,78499,4.5,1378675495
23,79132,5,1378674660
23,81229,4.5,1378676387
23,81845,5,1378674838
23,81847,5,1378675514
23,84954,4,1378676373
23,86332,4,1378675609
23,87232,4.5,1378676215
23,88140,4.5,1378675575
23,89745,4.5,1378674932
23,90866,4.5,1378676369
23,91500,4.5,1378675650
23,91542,5,1378675455
23,91630,4.5,1378675677
23,92259,4,1378674664
23,95510,5,1378675965
23,96079,4.5,1378675399
23,98809,4,1378675332
23,102125,5,1378676051
23,102445,5,1378675698
23,102903,4.5,1378676585
23,103141,4.5,1378675930
24,34,5,1019395578
24,110,4,1019395017
24,111,5,1019394824
24,155,4,1019394824
24,348,4,1019395481
24,541,4,1020002073
24,913,5,1020002073
24,920,5,1019394886
24,922,4,1020002009
24,930,4,1020002132
24,942,5,1020002009
24,1069,4,1020002132
24,1088,3,1019394886
24,1179,4,1020002073
24,1221,4,1019395017
24,1252,5,1020002009
24,1284,4,1020002132
24,1344,5,1020002132
24,1544,3,1019394824
24,1617,4,1020002009
24,1784,4,1019395366
24,2182,4,1020002187
24,2186,5,1020002073
24,2395,3,1019395481
24,2396,5,1019395366
24,2690,4,1019395578
24,2858,5,1019395263
24,2900,4,1019394886
24,2940,4,1020002187
24,2987,3,1020002188
24,2997,4,1019395366
24,3334,4,1020002133
24,3364,4,1020002073
24,3435,4,1020002009
24,4378,3,1020002567
24,4447,4,1019395094
24,4635,3,1019394886
24,4723,4,1020002594
24,4733,3,1020002567
24,4743,3,1020002528
24,4776,4,1020002567
24,4848,3,1020002528
24,4881,4,1020002528
24,4901,4,1020002528
24,5339,4,1019395366
25,372,2.5,1231444164
25,431,3.5,1231444159
25,849,3.5,1231444179
25,1287,4,1231444149
25,1357,4,1231444154
25,1378,3,1231444230
25,1953,3.5,1231444139
25,1962,3.5,1231444186
25,2072,3,1231444293
25,2231,3,1231444237
25,2641,3.5,1231444174
25,2881,2.5,1231444194
25,2944,3.5,1231444216
25,3082,3,1231444171
25,3256,3,1231444144
25,3361,3,1231444200
26,110,5,974236717
26,597,2,974236577
26,991,5,974236655
26,1079,5,974237048
26,1172,3,974236944
26,1197,5,974236944
26,1201,4,974236577
26,1220,5,974237157
26,1257,3,974237157
26,1259,5,974237048
26,1261,2,974237385
26,1270,4,974237157
26,1285,2,974237157
26,1297,2,974237547
26,1307,5,974237048
26,1394,5,974237048
26,1537,5,974237834
26,1663,5,974237226
26,1958,3,974237547
26,1965,3,974237547
26,1968,5,974237157
26,2000,5,974237226
26,2064,5,974236944
26,2081,4,974237547
26,2144,3,974237385
26,2150,4,974237385
26,2243,5,974237385
26,2248,5,974237048
26,2324,4,974237834
26,2349,1,974237226
26,2716,4,974237385
26,2791,5,974237157
26,2797,5,974237226
26,2804,5,974236944
26,2858,5,974237834
26,2915,3,974237547
26,2918,5,974236944
26,2973,5,974236944
26,2997,5,974237834
26,3072,5,974237385
26,3104,4,974237157
26,3210,3,974237226
26,3269,3,974236577
26,3361,1,974237157
26,3397,3,974237547
26,3424,5,974237048
26,3448,4,974237385
26,3526,4,974237385
26,3552,4,974237385
26,3819,5,974236944
26,3868,5,974237547
27,170,2,1241662196
27,175,3.5,1241662284
27,3702,4,1241662173
27,45517,3,1241662410
27,55820,4,1241662276
28,1,4,1098785105
28,50,5,1018876976
28,110,2,1018875931
28,222,5,1130245569
28,232,4.5,1098789634
28,260,4,1018875983
28,293,4.5,1125753169
28,318,5,1018877120
28,387,1,1018877246
28,497,4.5,1098785515
28,590,3.5,1098784327
28,595,4.5,1098787060
28,720,4.5,1125753087
28,745,5,1018875914
28,788,1,1098784737
28,902,4,1018875953
28,914,4,1018876073
28,1080,4,1098787160
28,1148,4.5,1130244637
28,1188,4.5,1098787214
28,1193,3,1018875861
28,1196,3.5,1130244648
28,1210,4,1018875953
28,1216,4.5,1098784991
28,1223,4.5,1125753107
28,1246,4.5,1098785090
28,1271,5,1018876306
28,1307,4.5,1098787016
28,1500,4.5,1098785574
28,1639,5,1098787099
28,1641,4.5,1098787047
28,1704,4.5,1098784339
28,1722,4,1018876025
28,1912,4.5,1098789697
28,1961,5,1018875884
28,2115,3,1098784334
28,2355,4.5,1098785491
28,2396,4,1021969520
28,2541,5,1018877218
28,2628,4,1021969600
28,2692,4.5,1098785511
28,2858,3.5,1125753139
28,2949,3,1018876073
28,2997,3.5,1098787174
28,3285,2,1018876673
28,3287,2,1018876383
28,3481,4.5,1098787049
28,3534,3,1098784652
28,3623,3.5,1098784635
28,3751,5,1018876330
28,3897,4.5,1125753272
28,3967,5,1098784876
28,3996,4.5,1098784312
28,4018,3,1018876552
28,4027,4,1018876623
28,4246,4,1018876455
28,4299,5,1018876623
28,4306,4,1018876383
28,4308,5,1098787128
28,4367,2,1018876654
28,4380,4,1018876478
28,4447,4,1098784577
28,4639,4,1018876505
28,4681,4,1018875861
28,4718,3.5,1098784554
28,4844,4.5,1125778793
28,4886,4,1018876383
28,4896,4,1018876623
28,4963,5,1018876723
28,4973,5,1018876455
28,4975,2,1018876491
28,4979,3.5,1098784546
28,4993,4,1018876623
28,4995,3,1018876455
28,5051,5,1018876455
28,5135,4.5,1098784892
28,5152,1,1021969464
28,5171,3,1018876654
28,5218,5,1018876398
28,5308,2,1018876197
28,5349,4,1098784523
28,5377,4,1098785486
28,5378,4,1021969600
28,5617,4.5,1098787102
28,5669,4.5,1098784508
28,5952,4,1098784821
28,5989,4,1125753266
28,5991,4.5,1098784483
28,6502,3.5,1098787189
28,6539,5,1098784713
28,6564,3,1098784459
28,6711,4.5,1125778718
28,6780,5,1098785548
28,6942,4,1098785029
28,7023,4.5,1098787035
28,7090,4.5,1098785119
28,7153,4,1098784823
28,7293,2,1098784425
28,7323,4.5,1098785555
28,7380,4,1125778780
28,7843,4,1130244752
28,8368,3.5,1098785063
28,8622,4,1098787111
28,8961,4.5,1125753073
28,8970,5,1125753067
28,8983,4.5,1125778714
28,27416,4.5,1125753189
28,27815,4.5,1125753147
28,30793,4,1125753215
28,32587,3.5,1125778701
28,33166,5,1130245111
28,33794,4,1125753095
28,34072,3,1130245405
28,34150,3.5,1125778647
28,34162,2.5,1125778331
28,34319,3.5,1125778361
28,34437,4,1130245432
28,36401,3.5,1130244703
28,38061,5,1130244681
29,318,5,1443414121
29,356,5,1443414071
29,1270,5,1443414079
30,17,3,1028160265
30,25,3,1028159056
30,50,4.5,1249746804
30,105,3,1028159581
30,110,4.5,1310774277
30,265,5,1027623282
30,266,4,1028159496
30,318,4,1134837402
30,351,3,1028159991
30,356,4,1185209511
30,362,4,1028159853
30,527,4.5,1310773103
30,539,4,1028159496
30,590,4,1134838629
30,736,5,1028160047
30,750,4.5,1249746968
30,800,4,1185209347
30,802,4,1028159896
30,852,3,1028159896
30,899,3,1028159001
30,908,3.5,1310773269
30,914,3,1028159001
30,920,4,1028160187
30,1088,4,1028159496
30,1172,3,1310774255
30,1183,4,1185209628
30,1188,5,1028159001
30,1193,5,1027623036
30,1198,4,1310774293
30,1203,4.5,1310773093
30,1207,5,1134838582
30,1210,4,1027623198
30,1225,3.5,1134838619
30,1242,5,1028161075
30,1246,3,1134837427
30,1252,5,1134837981
30,1259,5,1134837540
30,1265,3.5,1310774224
30,1277,4,1028159292
30,1293,5,1134838461
30,1304,4,1028161075
30,1307,4,1028159056
30,1408,5,1028159581
30,1610,4,1134837559
30,1674,4,1028159125
30,1704,4,1134837418
30,1721,3,1028160265
30,1777,3,1028160047
30,1784,4.5,1134837953
30,1835,4,1028159853
30,1950,5,1310773256
30,1959,3,1028160236
30,1960,4.5,1185209442
30,1961,5,1134837431
30,2067,4,1310774242
30,2108,4,1028159182
30,2125,3,1028159716
30,2243,2,1028159146
30,2324,5,1134837532
30,2331,3,1028159338
30,2396,3,1028158925
30,2406,3,1028159647
30,2424,3,1028159991
30,2671,3,1028159793
30,2739,5,1134838463
30,2802,2,1028159896
30,2919,4,1028159292
30,2942,4,1028159896
30,3044,5,1028159381
30,3259,2,1028159991
30,3448,5,1134838602
30,3516,3,1028159083
30,3584,3,1028159918
30,3836,3,1028161075
30,3967,5,1134838570
30,4014,3.5,1310774262
30,4023,3,1028159647
30,4095,5,1134837529
30,4103,5,1134837563
30,4246,3,1028159896
30,4292,3,1028160236
30,4361,4,1028159001
30,4464,4,1028159292
30,4495,2,1028159716
30,4564,3,1028159743
30,4616,3,1134837486
30,4973,3.5,1134838589
30,4993,4,1185209693
30,4995,5,1134837409
30,5015,3,1028160236
30,5446,4,1310773919
30,5952,4,1310773716
30,5989,5,1134838564
30,5991,2.5,1185209596
30,6016,4.5,1310773180
30,6385,5,1134838636
30,6711,4.5,1134838001
30,6867,3.5,1310774325
30,7151,4,1310774558
30,7153,3.5,1134838608
30,7361,5,1134837893
30,8958,5,1134838468
30,30707,4,1134838370
30,30749,5,1134838022
30,33166,4.5,1134838575
30,33649,3,1310774634
30,34072,4,1134838047
30,36535,4.5,1134837871
30,44555,3.5,1310773131
30,45950,4,1185209333
30,52973,3.5,1310774597
30,55820,1,1310773904
30,56607,5,1285339316
30,59018,4.5,1310773814
30,60766,5,1310773891
30,63082,4.5,1310773924
30,69849,5,1249746629
30,71282,4.5,1310773880
30,72998,5,1285339847
30,73023,3.5,1310774447
30,81845,4,1310773155
30,81932,4,1310773300
30,82459,4.5,1310773226
30,84392,4,1310774300
30,86882,3,1310773140